ticker,name,sector,industry,market,exchange,currency,country,name_arabic
MMM,3M,Industrials,Industrial Conglomerates,SP500,NYSE/NASDAQ,USD,US,
AOS,A. O. Smith,Industrials,Building Products,SP500,NYSE/NASDAQ,USD,US,
ABT,Abbott Laboratories,Health Care,Health Care Equipment,SP500,NYSE/NASDAQ,USD,US,
ABBV,AbbVie,Health Care,Biotechnology,SP500,NYSE/NASDAQ,USD,US,
ACN,Accenture,Information Technology,IT Consulting & Other Services,SP500,NYSE/NASDAQ,USD,US,
ADBE,Adobe Inc.,Information Technology,Application Software,SP500,NYSE/NASDAQ,USD,US,
AMD,Advanced Micro Devices,Information Technology,Semiconductors,SP500,NYSE/NASDAQ,USD,US,
AES,AES Corporation,Utilities,Independent Power Producers & Energy Traders,SP500,NYSE/NASDAQ,USD,US,
AFL,Aflac,Financials,Life & Health Insurance,SP500,NYSE/NASDAQ,USD,US,
A,Agilent Technologies,Health Care,Life Sciences Tools & Services,SP500,NYSE/NASDAQ,USD,US,
APD,Air Products,Materials,Industrial Gases,SP500,NYSE/NASDAQ,USD,US,
ABNB,Airbnb,Consumer Discretionary,"Hotels, Resorts & Cruise Lines",SP500,NYSE/NASDAQ,USD,US,
AKAM,Akamai Technologies,Information Technology,Internet Services & Infrastructure,SP500,NYSE/NASDAQ,USD,US,
ALB,Albemarle Corporation,Materials,Specialty Chemicals,SP500,NYSE/NASDAQ,USD,US,
ARE,Alexandria Real Estate Equities,Real Estate,Office REITs,SP500,NYSE/NASDAQ,USD,US,
ALGN,Align Technology,Health Care,Health Care Supplies,SP500,NYSE/NASDAQ,USD,US,
ALLE,Allegion,Industrials,Building Products,SP500,NYSE/NASDAQ,USD,US,
LNT,Alliant Energy,Utilities,Electric Utilities,SP500,NYSE/NASDAQ,USD,US,
ALL,Allstate,Financials,Property & Casualty Insurance,SP500,NYSE/NASDAQ,USD,US,
GOOGL,Alphabet Inc. (Class A),Communication Services,Interactive Media & Services,SP500,NYSE/NASDAQ,USD,US,
GOOG,Alphabet Inc. (Class C),Communication Services,Interactive Media & Services,SP500,NYSE/NASDAQ,USD,US,
MO,Altria,Consumer Staples,Tobacco,SP500,NYSE/NASDAQ,USD,US,
AMZN,Amazon,Consumer Discretionary,Broadline Retail,SP500,NYSE/NASDAQ,USD,US,
AMCR,Amcor,Materials,Paper & Plastic Packaging Products & Materials,SP500,NYSE/NASDAQ,USD,US,
AEE,Ameren,Utilities,Multi-Utilities,SP500,NYSE/NASDAQ,USD,US,
AEP,American Electric Power,Utilities,Electric Utilities,SP500,NYSE/NASDAQ,USD,US,
AXP,American Express,Financials,Consumer Finance,SP500,NYSE/NASDAQ,USD,US,
AIG,American International Group,Financials,Multi-line Insurance,SP500,NYSE/NASDAQ,USD,US,
AMT,American Tower,Real Estate,Telecom Tower REITs,SP500,NYSE/NASDAQ,USD,US,
AWK,American Water Works,Utilities,Water Utilities,SP500,NYSE/NASDAQ,USD,US,
AMP,Ameriprise Financial,Financials,Asset Management & Custody Banks,SP500,NYSE/NASDAQ,USD,US,
AME,Ametek,Industrials,Electrical Components & Equipment,SP500,NYSE/NASDAQ,USD,US,
AMGN,Amgen,Health Care,Biotechnology,SP500,NYSE/NASDAQ,USD,US,
APH,Amphenol,Information Technology,Electronic Components,SP500,NYSE/NASDAQ,USD,US,
ADI,Analog Devices,Information Technology,Semiconductors,SP500,NYSE/NASDAQ,USD,US,
AON,Aon plc,Financials,Insurance Brokers,SP500,NYSE/NASDAQ,USD,US,
APA,APA Corporation,Energy,Oil & Gas Exploration & Production,SP500,NYSE/NASDAQ,USD,US,
APO,Apollo Global Management,Financials,Asset Management & Custody Banks,SP500,NYSE/NASDAQ,USD,US,
AAPL,Apple Inc.,Information Technology,"Technology Hardware, Storage & Peripherals",SP500,NYSE/NASDAQ,USD,US,
AMAT,Applied Materials,Information Technology,Semiconductor Materials & Equipment,SP500,NYSE/NASDAQ,USD,US,
APP,AppLovin,Communication Services,Advertising,SP500,NYSE/NASDAQ,USD,US,
APTV,Aptiv,Consumer Discretionary,Automotive Parts & Equipment,SP500,NYSE/NASDAQ,USD,US,
ACGL,Arch Capital Group,Financials,Property & Casualty Insurance,SP500,NYSE/NASDAQ,USD,US,
ADM,Archer Daniels Midland,Consumer Staples,Agricultural Products & Services,SP500,NYSE/NASDAQ,USD,US,
ARES,Ares Management,Financials,Asset Management & Custody Banks,SP500,NYSE/NASDAQ,USD,US,
ANET,Arista Networks,Information Technology,Communications Equipment,SP500,NYSE/NASDAQ,USD,US,
AJG,Arthur J. Gallagher & Co.,Financials,Insurance Brokers,SP500,NYSE/NASDAQ,USD,US,
AIZ,Assurant,Financials,Multi-line Insurance,SP500,NYSE/NASDAQ,USD,US,
T,AT&T,Communication Services,Integrated Telecommunication Services,SP500,NYSE/NASDAQ,USD,US,
ATO,Atmos Energy,Utilities,Gas Utilities,SP500,NYSE/NASDAQ,USD,US,
ADSK,Autodesk,Information Technology,Application Software,SP500,NYSE/NASDAQ,USD,US,
ADP,Automatic Data Processing,Industrials,Human Resource & Employment Services,SP500,NYSE/NASDAQ,USD,US,
AZO,AutoZone,Consumer Discretionary,Automotive Retail,SP500,NYSE/NASDAQ,USD,US,
AVY,Avery Dennison,Materials,Paper & Plastic Packaging Products & Materials,SP500,NYSE/NASDAQ,USD,US,
AXON,Axon Enterprise,Industrials,Aerospace & Defense,SP500,NYSE/NASDAQ,USD,US,
BKR,Baker Hughes,Energy,Oil & Gas Equipment & Services,SP500,NYSE/NASDAQ,USD,US,
BALL,Ball Corporation,Materials,"Metal, Glass & Plastic Containers",SP500,NYSE/NASDAQ,USD,US,
BAC,Bank of America,Financials,Diversified Banks,SP500,NYSE/NASDAQ,USD,US,
BAX,Baxter International,Health Care,Health Care Equipment,SP500,NYSE/NASDAQ,USD,US,
BDX,Becton Dickinson,Health Care,Health Care Equipment,SP500,NYSE/NASDAQ,USD,US,
BRK-B,Berkshire Hathaway,Financials,Multi-Sector Holdings,SP500,NYSE/NASDAQ,USD,US,
BBY,Best Buy,Consumer Discretionary,Computer & Electronics Retail,SP500,NYSE/NASDAQ,USD,US,
TECH,Bio-Techne,Health Care,Life Sciences Tools & Services,SP500,NYSE/NASDAQ,USD,US,
BIIB,Biogen,Health Care,Biotechnology,SP500,NYSE/NASDAQ,USD,US,
BLK,BlackRock,Financials,Asset Management & Custody Banks,SP500,NYSE/NASDAQ,USD,US,
BX,Blackstone Inc.,Financials,Asset Management & Custody Banks,SP500,NYSE/NASDAQ,USD,US,
XYZ,"Block, Inc.",Financials,Transaction & Payment Processing Services,SP500,NYSE/NASDAQ,USD,US,
BE,Bloom Energy,Industrials,Electrical Components & Equipment,SP500,NYSE/NASDAQ,USD,US,
BNY,BNY Mellon,Financials,Asset Management & Custody Banks,SP500,NYSE/NASDAQ,USD,US,
BA,Boeing,Industrials,Aerospace & Defense,SP500,NYSE/NASDAQ,USD,US,
BKNG,Booking Holdings,Consumer Discretionary,"Hotels, Resorts & Cruise Lines",SP500,NYSE/NASDAQ,USD,US,
BSX,Boston Scientific,Health Care,Health Care Equipment,SP500,NYSE/NASDAQ,USD,US,
BMY,Bristol Myers Squibb,Health Care,Pharmaceuticals,SP500,NYSE/NASDAQ,USD,US,
AVGO,Broadcom,Information Technology,Semiconductors,SP500,NYSE/NASDAQ,USD,US,
BR,Broadridge Financial Solutions,Industrials,Data Processing & Outsourced Services,SP500,NYSE/NASDAQ,USD,US,
BRO,Brown & Brown,Financials,Insurance Brokers,SP500,NYSE/NASDAQ,USD,US,
BF-B,Brown–Forman,Consumer Staples,Distillers & Vintners,SP500,NYSE/NASDAQ,USD,US,
BG,Bunge Global,Consumer Staples,Agricultural Products & Services,SP500,NYSE/NASDAQ,USD,US,
BXP,"BXP, Inc.",Real Estate,Office REITs,SP500,NYSE/NASDAQ,USD,US,
CHRW,C.H. Robinson,Industrials,Air Freight & Logistics,SP500,NYSE/NASDAQ,USD,US,
CDNS,Cadence Design Systems,Information Technology,Application Software,SP500,NYSE/NASDAQ,USD,US,
CPT,Camden Property Trust,Real Estate,Multi-Family Residential REITs,SP500,NYSE/NASDAQ,USD,US,
COF,Capital One,Financials,Consumer Finance,SP500,NYSE/NASDAQ,USD,US,
CAH,Cardinal Health,Health Care,Health Care Distributors,SP500,NYSE/NASDAQ,USD,US,
CCL,Carnival Corporation,Consumer Discretionary,"Hotels, Resorts & Cruise Lines",SP500,NYSE/NASDAQ,USD,US,
CARR,Carrier Global,Industrials,Building Products,SP500,NYSE/NASDAQ,USD,US,
CVNA,Carvana,Consumer Discretionary,Automotive Retail,SP500,NYSE/NASDAQ,USD,US,
CASY,Casey's,Consumer Staples,Food Retail,SP500,NYSE/NASDAQ,USD,US,
CAT,Caterpillar Inc.,Industrials,Construction Machinery & Heavy Transportation Equipment,SP500,NYSE/NASDAQ,USD,US,
CBOE,Cboe Global Markets,Financials,Financial Exchanges & Data,SP500,NYSE/NASDAQ,USD,US,
CBRE,CBRE Group,Real Estate,Real Estate Services,SP500,NYSE/NASDAQ,USD,US,
CDW,CDW Corporation,Information Technology,Technology Distributors,SP500,NYSE/NASDAQ,USD,US,
COR,Cencora,Health Care,Health Care Distributors,SP500,NYSE/NASDAQ,USD,US,
CNC,Centene Corporation,Health Care,Managed Health Care,SP500,NYSE/NASDAQ,USD,US,
CNP,CenterPoint Energy,Utilities,Multi-Utilities,SP500,NYSE/NASDAQ,USD,US,
CF,CF Industries,Materials,Fertilizers & Agricultural Chemicals,SP500,NYSE/NASDAQ,USD,US,
CRL,Charles River Laboratories,Health Care,Life Sciences Tools & Services,SP500,NYSE/NASDAQ,USD,US,
SCHW,Charles Schwab Corporation,Financials,Investment Banking & Brokerage,SP500,NYSE/NASDAQ,USD,US,
CHTR,Charter Communications,Communication Services,Cable & Satellite,SP500,NYSE/NASDAQ,USD,US,
CVX,Chevron Corporation,Energy,Integrated Oil & Gas,SP500,NYSE/NASDAQ,USD,US,
CMG,Chipotle Mexican Grill,Consumer Discretionary,Restaurants,SP500,NYSE/NASDAQ,USD,US,
CB,Chubb Limited,Financials,Property & Casualty Insurance,SP500,NYSE/NASDAQ,USD,US,
CHD,Church & Dwight,Consumer Staples,Household Products,SP500,NYSE/NASDAQ,USD,US,
CIEN,Ciena,Information Technology,Communications Equipment,SP500,NYSE/NASDAQ,USD,US,
CI,Cigna,Health Care,Health Care Services,SP500,NYSE/NASDAQ,USD,US,
CINF,Cincinnati Financial,Financials,Property & Casualty Insurance,SP500,NYSE/NASDAQ,USD,US,
CTAS,Cintas,Industrials,Diversified Support Services,SP500,NYSE/NASDAQ,USD,US,
CSCO,Cisco,Information Technology,Communications Equipment,SP500,NYSE/NASDAQ,USD,US,
C,Citigroup,Financials,Diversified Banks,SP500,NYSE/NASDAQ,USD,US,
CFG,Citizens Financial Group,Financials,Regional Banks,SP500,NYSE/NASDAQ,USD,US,
CLX,Clorox,Consumer Staples,Household Products,SP500,NYSE/NASDAQ,USD,US,
CME,CME Group,Financials,Financial Exchanges & Data,SP500,NYSE/NASDAQ,USD,US,
CMS,CMS Energy,Utilities,Multi-Utilities,SP500,NYSE/NASDAQ,USD,US,
KO,Coca-Cola Company (The),Consumer Staples,Soft Drinks & Non-alcoholic Beverages,SP500,NYSE/NASDAQ,USD,US,
CTSH,Cognizant,Information Technology,IT Consulting & Other Services,SP500,NYSE/NASDAQ,USD,US,
COHR,Coherent Corp.,Information Technology,Electronic Components,SP500,NYSE/NASDAQ,USD,US,
COIN,Coinbase,Financials,Financial Exchanges & Data,SP500,NYSE/NASDAQ,USD,US,
CL,Colgate-Palmolive,Consumer Staples,Household Products,SP500,NYSE/NASDAQ,USD,US,
CMCSA,Comcast,Communication Services,Cable & Satellite,SP500,NYSE/NASDAQ,USD,US,
FIX,Comfort Systems USA,Industrials,Construction & Engineering,SP500,NYSE/NASDAQ,USD,US,
COP,ConocoPhillips,Energy,Oil & Gas Exploration & Production,SP500,NYSE/NASDAQ,USD,US,
ED,Consolidated Edison,Utilities,Multi-Utilities,SP500,NYSE/NASDAQ,USD,US,
STZ,Constellation Brands,Consumer Staples,Distillers & Vintners,SP500,NYSE/NASDAQ,USD,US,
CEG,Constellation Energy,Utilities,Electric Utilities,SP500,NYSE/NASDAQ,USD,US,
COO,Cooper Companies (The),Health Care,Health Care Supplies,SP500,NYSE/NASDAQ,USD,US,
CPRT,Copart,Industrials,Diversified Support Services,SP500,NYSE/NASDAQ,USD,US,
GLW,Corning Inc.,Information Technology,Electronic Components,SP500,NYSE/NASDAQ,USD,US,
CPAY,Corpay,Financials,Transaction & Payment Processing Services,SP500,NYSE/NASDAQ,USD,US,
CTVA,Corteva,Materials,Fertilizers & Agricultural Chemicals,SP500,NYSE/NASDAQ,USD,US,
CSGP,CoStar Group,Real Estate,Real Estate Services,SP500,NYSE/NASDAQ,USD,US,
COST,Costco,Consumer Staples,Consumer Staples Merchandise Retail,SP500,NYSE/NASDAQ,USD,US,
CRH,CRH plc,Materials,Construction Materials,SP500,NYSE/NASDAQ,USD,US,
CRWD,CrowdStrike,Information Technology,Systems Software,SP500,NYSE/NASDAQ,USD,US,
CCI,Crown Castle,Real Estate,Telecom Tower REITs,SP500,NYSE/NASDAQ,USD,US,
CSX,CSX Corporation,Industrials,Rail Transportation,SP500,NYSE/NASDAQ,USD,US,
CMI,Cummins,Industrials,Construction Machinery & Heavy Transportation Equipment,SP500,NYSE/NASDAQ,USD,US,
CVS,CVS Health,Health Care,Health Care Services,SP500,NYSE/NASDAQ,USD,US,
DHR,Danaher Corporation,Health Care,Life Sciences Tools & Services,SP500,NYSE/NASDAQ,USD,US,
DRI,Darden Restaurants,Consumer Discretionary,Restaurants,SP500,NYSE/NASDAQ,USD,US,
DDOG,Datadog,Information Technology,Application Software,SP500,NYSE/NASDAQ,USD,US,
DVA,DaVita,Health Care,Health Care Services,SP500,NYSE/NASDAQ,USD,US,
DECK,Deckers Brands,Consumer Discretionary,Footwear,SP500,NYSE/NASDAQ,USD,US,
DE,Deere & Company,Industrials,Agricultural & Farm Machinery,SP500,NYSE/NASDAQ,USD,US,
DELL,Dell Technologies,Information Technology,"Technology Hardware, Storage & Peripherals",SP500,NYSE/NASDAQ,USD,US,
DAL,Delta Air Lines,Industrials,Passenger Airlines,SP500,NYSE/NASDAQ,USD,US,
DVN,Devon Energy,Energy,Oil & Gas Exploration & Production,SP500,NYSE/NASDAQ,USD,US,
DXCM,Dexcom,Health Care,Health Care Equipment,SP500,NYSE/NASDAQ,USD,US,
FANG,Diamondback Energy,Energy,Oil & Gas Exploration & Production,SP500,NYSE/NASDAQ,USD,US,
DLR,Digital Realty,Real Estate,Data Center REITs,SP500,NYSE/NASDAQ,USD,US,
DG,Dollar General,Consumer Staples,Consumer Staples Merchandise Retail,SP500,NYSE/NASDAQ,USD,US,
DLTR,Dollar Tree,Consumer Staples,Consumer Staples Merchandise Retail,SP500,NYSE/NASDAQ,USD,US,
D,Dominion Energy,Utilities,Multi-Utilities,SP500,NYSE/NASDAQ,USD,US,
DPZ,Domino's,Consumer Discretionary,Restaurants,SP500,NYSE/NASDAQ,USD,US,
DASH,DoorDash,Consumer Discretionary,Specialized Consumer Services,SP500,NYSE/NASDAQ,USD,US,
DOV,Dover Corporation,Industrials,Industrial Machinery & Supplies & Components,SP500,NYSE/NASDAQ,USD,US,
DOW,Dow Inc.,Materials,Commodity Chemicals,SP500,NYSE/NASDAQ,USD,US,
DHI,D. R. Horton,Consumer Discretionary,Homebuilding,SP500,NYSE/NASDAQ,USD,US,
DTE,DTE Energy,Utilities,Multi-Utilities,SP500,NYSE/NASDAQ,USD,US,
DUK,Duke Energy,Utilities,Electric Utilities,SP500,NYSE/NASDAQ,USD,US,
DD,DuPont,Industrials,Industrial Conglomerates,SP500,NYSE/NASDAQ,USD,US,
ETN,Eaton Corporation,Industrials,Electrical Components & Equipment,SP500,NYSE/NASDAQ,USD,US,
EBAY,eBay Inc.,Consumer Discretionary,Broadline Retail,SP500,NYSE/NASDAQ,USD,US,
ECHO,EchoStar,Communication Services,Wireless Telecommunication Services,SP500,NYSE/NASDAQ,USD,US,
ECL,Ecolab,Materials,Specialty Chemicals,SP500,NYSE/NASDAQ,USD,US,
EIX,Edison International,Utilities,Electric Utilities,SP500,NYSE/NASDAQ,USD,US,
EW,Edwards Lifesciences,Health Care,Health Care Equipment,SP500,NYSE/NASDAQ,USD,US,
ELV,Elevance Health,Health Care,Managed Health Care,SP500,NYSE/NASDAQ,USD,US,
EME,Emcor,Industrials,Construction & Engineering,SP500,NYSE/NASDAQ,USD,US,
EMR,Emerson Electric,Industrials,Electrical Components & Equipment,SP500,NYSE/NASDAQ,USD,US,
ETR,Entergy,Utilities,Electric Utilities,SP500,NYSE/NASDAQ,USD,US,
EOG,EOG Resources,Energy,Oil & Gas Exploration & Production,SP500,NYSE/NASDAQ,USD,US,
EQT,EQT Corporation,Energy,Oil & Gas Exploration & Production,SP500,NYSE/NASDAQ,USD,US,
EFX,Equifax,Industrials,Research & Consulting Services,SP500,NYSE/NASDAQ,USD,US,
EQIX,Equinix,Real Estate,Data Center REITs,SP500,NYSE/NASDAQ,USD,US,
ERIE,Erie Indemnity,Financials,Insurance Brokers,SP500,NYSE/NASDAQ,USD,US,
ESS,Essex Property Trust,Real Estate,Multi-Family Residential REITs,SP500,NYSE/NASDAQ,USD,US,
EL,Estée Lauder Companies (The),Consumer Staples,Personal Care Products,SP500,NYSE/NASDAQ,USD,US,
EG,Everest Group,Financials,Reinsurance,SP500,NYSE/NASDAQ,USD,US,
EVRG,Evergy,Utilities,Electric Utilities,SP500,NYSE/NASDAQ,USD,US,
P,Everpure,Information Technology,"Technology Hardware, Storage & Peripherals",SP500,NYSE/NASDAQ,USD,US,
ES,Eversource Energy,Utilities,Electric Utilities,SP500,NYSE/NASDAQ,USD,US,
EXC,Exelon,Utilities,Electric Utilities,SP500,NYSE/NASDAQ,USD,US,
EXE,Expand Energy,Energy,Oil & Gas Exploration & Production,SP500,NYSE/NASDAQ,USD,US,
EXPE,Expedia Group,Consumer Discretionary,"Hotels, Resorts & Cruise Lines",SP500,NYSE/NASDAQ,USD,US,
EXPD,Expeditors International,Industrials,Air Freight & Logistics,SP500,NYSE/NASDAQ,USD,US,
EXR,Extra Space Storage,Real Estate,Self-Storage REITs,SP500,NYSE/NASDAQ,USD,US,
XOM,ExxonMobil,Energy,Integrated Oil & Gas,SP500,NYSE/NASDAQ,USD,US,
FFIV,"F5, Inc.",Information Technology,Communications Equipment,SP500,NYSE/NASDAQ,USD,US,
FDS,FactSet,Financials,Financial Exchanges & Data,SP500,NYSE/NASDAQ,USD,US,
FICO,Fair Isaac,Information Technology,Application Software,SP500,NYSE/NASDAQ,USD,US,
FAST,Fastenal,Industrials,Trading Companies & Distributors,SP500,NYSE/NASDAQ,USD,US,
FRT,Federal Realty Investment Trust,Real Estate,Retail REITs,SP500,NYSE/NASDAQ,USD,US,
FDX,FedEx,Industrials,Air Freight & Logistics,SP500,NYSE/NASDAQ,USD,US,
FDXF,FedEx Freight,Industrials,Cargo Ground Transportation,SP500,NYSE/NASDAQ,USD,US,
FERG,Ferguson Enterprises,Industrials,Trading Companies & Distributors,SP500,NYSE/NASDAQ,USD,US,
FIS,Fidelity National Information Services,Financials,Transaction & Payment Processing Services,SP500,NYSE/NASDAQ,USD,US,
FITB,Fifth Third Bancorp,Financials,Regional Banks,SP500,NYSE/NASDAQ,USD,US,
FSLR,First Solar,Information Technology,Semiconductors,SP500,NYSE/NASDAQ,USD,US,
FE,FirstEnergy,Utilities,Electric Utilities,SP500,NYSE/NASDAQ,USD,US,
FISV,Fiserv,Financials,Transaction & Payment Processing Services,SP500,NYSE/NASDAQ,USD,US,
FLEX,Flex Ltd.,Information Technology,Electronic Manufacturing Services,SP500,NYSE/NASDAQ,USD,US,
F,Ford Motor Company,Consumer Discretionary,Automobile Manufacturers,SP500,NYSE/NASDAQ,USD,US,
FTNT,Fortinet,Information Technology,Systems Software,SP500,NYSE/NASDAQ,USD,US,
FTV,Fortive,Industrials,Industrial Machinery & Supplies & Components,SP500,NYSE/NASDAQ,USD,US,
FOXA,Fox Corporation (Class A),Communication Services,Broadcasting,SP500,NYSE/NASDAQ,USD,US,
FOX,Fox Corporation (Class B),Communication Services,Broadcasting,SP500,NYSE/NASDAQ,USD,US,
BEN,Franklin Resources,Financials,Asset Management & Custody Banks,SP500,NYSE/NASDAQ,USD,US,
FCX,Freeport-McMoRan,Materials,Copper,SP500,NYSE/NASDAQ,USD,US,
GRMN,Garmin,Consumer Discretionary,Consumer Electronics,SP500,NYSE/NASDAQ,USD,US,
IT,Gartner,Information Technology,IT Consulting & Other Services,SP500,NYSE/NASDAQ,USD,US,
GE,GE Aerospace,Industrials,Aerospace & Defense,SP500,NYSE/NASDAQ,USD,US,
GEHC,GE HealthCare,Health Care,Health Care Equipment,SP500,NYSE/NASDAQ,USD,US,
GEV,GE Vernova,Industrials,Heavy Electrical Equipment,SP500,NYSE/NASDAQ,USD,US,
GEN,Gen Digital,Information Technology,Systems Software,SP500,NYSE/NASDAQ,USD,US,
GNRC,Generac,Industrials,Heavy Electrical Equipment,SP500,NYSE/NASDAQ,USD,US,
GD,General Dynamics,Industrials,Aerospace & Defense,SP500,NYSE/NASDAQ,USD,US,
GIS,General Mills,Consumer Staples,Packaged Foods & Meats,SP500,NYSE/NASDAQ,USD,US,
GM,General Motors,Consumer Discretionary,Automobile Manufacturers,SP500,NYSE/NASDAQ,USD,US,
GPC,Genuine Parts Company,Consumer Discretionary,Distributors,SP500,NYSE/NASDAQ,USD,US,
GILD,Gilead Sciences,Health Care,Biotechnology,SP500,NYSE/NASDAQ,USD,US,
GPN,Global Payments,Financials,Transaction & Payment Processing Services,SP500,NYSE/NASDAQ,USD,US,
GL,Globe Life,Financials,Life & Health Insurance,SP500,NYSE/NASDAQ,USD,US,
GDDY,GoDaddy,Information Technology,Internet Services & Infrastructure,SP500,NYSE/NASDAQ,USD,US,
GS,Goldman Sachs,Financials,Investment Banking & Brokerage,SP500,NYSE/NASDAQ,USD,US,
HAL,Halliburton,Energy,Oil & Gas Equipment & Services,SP500,NYSE/NASDAQ,USD,US,
HIG,Hartford (The),Financials,Property & Casualty Insurance,SP500,NYSE/NASDAQ,USD,US,
HAS,Hasbro,Consumer Discretionary,Leisure Products,SP500,NYSE/NASDAQ,USD,US,
HCA,HCA Healthcare,Health Care,Health Care Facilities,SP500,NYSE/NASDAQ,USD,US,
DOC,Healthpeak Properties,Real Estate,Health Care REITs,SP500,NYSE/NASDAQ,USD,US,
HSIC,Henry Schein,Health Care,Health Care Distributors,SP500,NYSE/NASDAQ,USD,US,
HSY,Hershey Company (The),Consumer Staples,Packaged Foods & Meats,SP500,NYSE/NASDAQ,USD,US,
HPE,Hewlett Packard Enterprise,Information Technology,"Technology Hardware, Storage & Peripherals",SP500,NYSE/NASDAQ,USD,US,
HLT,Hilton Worldwide,Consumer Discretionary,"Hotels, Resorts & Cruise Lines",SP500,NYSE/NASDAQ,USD,US,
HD,Home Depot (The),Consumer Discretionary,Home Improvement Retail,SP500,NYSE/NASDAQ,USD,US,
HONA,Honeywell Aerospace,Industrials,Aerospace & Defense,SP500,NYSE/NASDAQ,USD,US,
HON,Honeywell Technologies,Industrials,Industrial Conglomerates,SP500,NYSE/NASDAQ,USD,US,
HRL,Hormel Foods,Consumer Staples,Packaged Foods & Meats,SP500,NYSE/NASDAQ,USD,US,
HST,Host Hotels & Resorts,Real Estate,Hotel & Resort REITs,SP500,NYSE/NASDAQ,USD,US,
HWM,Howmet Aerospace,Industrials,Aerospace & Defense,SP500,NYSE/NASDAQ,USD,US,
HPQ,HP Inc.,Information Technology,"Technology Hardware, Storage & Peripherals",SP500,NYSE/NASDAQ,USD,US,
HUBB,Hubbell Incorporated,Industrials,Industrial Machinery & Supplies & Components,SP500,NYSE/NASDAQ,USD,US,
HUM,Humana,Health Care,Managed Health Care,SP500,NYSE/NASDAQ,USD,US,
HBAN,Huntington Bancshares,Financials,Regional Banks,SP500,NYSE/NASDAQ,USD,US,
HII,Huntington Ingalls Industries,Industrials,Aerospace & Defense,SP500,NYSE/NASDAQ,USD,US,
IBM,IBM,Information Technology,IT Consulting & Other Services,SP500,NYSE/NASDAQ,USD,US,
IEX,IDEX Corporation,Industrials,Industrial Machinery & Supplies & Components,SP500,NYSE/NASDAQ,USD,US,
IDXX,Idexx Laboratories,Health Care,Health Care Equipment,SP500,NYSE/NASDAQ,USD,US,
ITW,Illinois Tool Works,Industrials,Industrial Machinery & Supplies & Components,SP500,NYSE/NASDAQ,USD,US,
ILMN,"Illumina, Inc.",Health Care,Life Sciences Tools & Services,SP500,NYSE/NASDAQ,USD,US,
INCY,Incyte,Health Care,Biotechnology,SP500,NYSE/NASDAQ,USD,US,
IR,Ingersoll Rand,Industrials,Industrial Machinery & Supplies & Components,SP500,NYSE/NASDAQ,USD,US,
PODD,Insulet Corporation,Health Care,Health Care Equipment,SP500,NYSE/NASDAQ,USD,US,
INTC,Intel,Information Technology,Semiconductors,SP500,NYSE/NASDAQ,USD,US,
IBKR,Interactive Brokers,Financials,Investment Banking & Brokerage,SP500,NYSE/NASDAQ,USD,US,
ICE,Intercontinental Exchange,Financials,Financial Exchanges & Data,SP500,NYSE/NASDAQ,USD,US,
IFF,International Flavors & Fragrances,Materials,Specialty Chemicals,SP500,NYSE/NASDAQ,USD,US,
IP,International Paper,Materials,Paper & Plastic Packaging Products & Materials,SP500,NYSE/NASDAQ,USD,US,
INTU,Intuit,Information Technology,Application Software,SP500,NYSE/NASDAQ,USD,US,
ISRG,Intuitive Surgical,Health Care,Health Care Equipment,SP500,NYSE/NASDAQ,USD,US,
IVZ,Invesco,Financials,Asset Management & Custody Banks,SP500,NYSE/NASDAQ,USD,US,
INVH,Invitation Homes,Real Estate,Single-Family Residential REITs,SP500,NYSE/NASDAQ,USD,US,
IQV,IQVIA,Health Care,Life Sciences Tools & Services,SP500,NYSE/NASDAQ,USD,US,
IRM,Iron Mountain,Real Estate,Other Specialized REITs,SP500,NYSE/NASDAQ,USD,US,
JBHT,J.B. Hunt,Industrials,Cargo Ground Transportation,SP500,NYSE/NASDAQ,USD,US,
JBL,Jabil,Information Technology,Electronic Manufacturing Services,SP500,NYSE/NASDAQ,USD,US,
JKHY,Jack Henry & Associates,Financials,Transaction & Payment Processing Services,SP500,NYSE/NASDAQ,USD,US,
J,Jacobs Solutions,Industrials,Construction & Engineering,SP500,NYSE/NASDAQ,USD,US,
JNJ,Johnson & Johnson,Health Care,Pharmaceuticals,SP500,NYSE/NASDAQ,USD,US,
JCI,Johnson Controls,Industrials,Building Products,SP500,NYSE/NASDAQ,USD,US,
JPM,JPMorgan Chase,Financials,Diversified Banks,SP500,NYSE/NASDAQ,USD,US,
KVUE,Kenvue,Consumer Staples,Personal Care Products,SP500,NYSE/NASDAQ,USD,US,
KDP,Keurig Dr Pepper,Consumer Staples,Soft Drinks & Non-alcoholic Beverages,SP500,NYSE/NASDAQ,USD,US,
KEY,KeyCorp,Financials,Regional Banks,SP500,NYSE/NASDAQ,USD,US,
KEYS,Keysight Technologies,Information Technology,Electronic Equipment & Instruments,SP500,NYSE/NASDAQ,USD,US,
KMB,Kimberly-Clark,Consumer Staples,Household Products,SP500,NYSE/NASDAQ,USD,US,
KIM,Kimco Realty,Real Estate,Retail REITs,SP500,NYSE/NASDAQ,USD,US,
KMI,Kinder Morgan,Energy,Oil & Gas Storage & Transportation,SP500,NYSE/NASDAQ,USD,US,
KKR,KKR & Co.,Financials,Asset Management & Custody Banks,SP500,NYSE/NASDAQ,USD,US,
KLAC,KLA Corporation,Information Technology,Semiconductor Materials & Equipment,SP500,NYSE/NASDAQ,USD,US,
KHC,Kraft Heinz,Consumer Staples,Packaged Foods & Meats,SP500,NYSE/NASDAQ,USD,US,
KR,Kroger,Consumer Staples,Food Retail,SP500,NYSE/NASDAQ,USD,US,
LHX,L3Harris,Industrials,Aerospace & Defense,SP500,NYSE/NASDAQ,USD,US,
LH,Labcorp,Health Care,Health Care Services,SP500,NYSE/NASDAQ,USD,US,
LRCX,Lam Research,Information Technology,Semiconductor Materials & Equipment,SP500,NYSE/NASDAQ,USD,US,
LVS,Las Vegas Sands,Consumer Discretionary,Casinos & Gaming,SP500,NYSE/NASDAQ,USD,US,
LDOS,Leidos,Industrials,Diversified Support Services,SP500,NYSE/NASDAQ,USD,US,
LEN,Lennar,Consumer Discretionary,Homebuilding,SP500,NYSE/NASDAQ,USD,US,
LII,Lennox International,Industrials,Building Products,SP500,NYSE/NASDAQ,USD,US,
LLY,Lilly (Eli),Health Care,Pharmaceuticals,SP500,NYSE/NASDAQ,USD,US,
LIN,Linde plc,Materials,Industrial Gases,SP500,NYSE/NASDAQ,USD,US,
LYV,Live Nation Entertainment,Communication Services,Movies & Entertainment,SP500,NYSE/NASDAQ,USD,US,
LMT,Lockheed Martin,Industrials,Aerospace & Defense,SP500,NYSE/NASDAQ,USD,US,
L,Loews Corporation,Financials,Multi-line Insurance,SP500,NYSE/NASDAQ,USD,US,
LOW,Lowe's,Consumer Discretionary,Home Improvement Retail,SP500,NYSE/NASDAQ,USD,US,
LULU,Lululemon Athletica,Consumer Discretionary,"Apparel, Accessories & Luxury Goods",SP500,NYSE/NASDAQ,USD,US,
LITE,Lumentum,Information Technology,Communications Equipment,SP500,NYSE/NASDAQ,USD,US,
LYB,LyondellBasell,Materials,Specialty Chemicals,SP500,NYSE/NASDAQ,USD,US,
MTB,M&T Bank,Financials,Regional Banks,SP500,NYSE/NASDAQ,USD,US,
MPC,Marathon Petroleum,Energy,Oil & Gas Refining & Marketing,SP500,NYSE/NASDAQ,USD,US,
MAR,Marriott International,Consumer Discretionary,"Hotels, Resorts & Cruise Lines",SP500,NYSE/NASDAQ,USD,US,
MRSH,Marsh McLennan,Financials,Insurance Brokers,SP500,NYSE/NASDAQ,USD,US,
MLM,Martin Marietta Materials,Materials,Construction Materials,SP500,NYSE/NASDAQ,USD,US,
MRVL,Marvell Technology,Information Technology,Semiconductors,SP500,NYSE/NASDAQ,USD,US,
MAS,Masco,Industrials,Building Products,SP500,NYSE/NASDAQ,USD,US,
MA,Mastercard,Financials,Transaction & Payment Processing Services,SP500,NYSE/NASDAQ,USD,US,
MKC,McCormick & Company,Consumer Staples,Packaged Foods & Meats,SP500,NYSE/NASDAQ,USD,US,
MCD,McDonald's,Consumer Discretionary,Restaurants,SP500,NYSE/NASDAQ,USD,US,
MCK,McKesson Corporation,Health Care,Health Care Distributors,SP500,NYSE/NASDAQ,USD,US,
MDT,Medtronic,Health Care,Health Care Equipment,SP500,NYSE/NASDAQ,USD,US,
MRK,Merck & Co.,Health Care,Pharmaceuticals,SP500,NYSE/NASDAQ,USD,US,
META,Meta Platforms,Communication Services,Interactive Media & Services,SP500,NYSE/NASDAQ,USD,US,
MET,MetLife,Financials,Life & Health Insurance,SP500,NYSE/NASDAQ,USD,US,
MTD,Mettler Toledo,Health Care,Life Sciences Tools & Services,SP500,NYSE/NASDAQ,USD,US,
MGM,MGM Resorts,Consumer Discretionary,Casinos & Gaming,SP500,NYSE/NASDAQ,USD,US,
MCHP,Microchip Technology,Information Technology,Semiconductors,SP500,NYSE/NASDAQ,USD,US,
MU,Micron Technology,Information Technology,Semiconductors,SP500,NYSE/NASDAQ,USD,US,
MSFT,Microsoft,Information Technology,Systems Software,SP500,NYSE/NASDAQ,USD,US,
MAA,Mid-America Apartment Communities,Real Estate,Multi-Family Residential REITs,SP500,NYSE/NASDAQ,USD,US,
MRNA,Moderna,Health Care,Biotechnology,SP500,NYSE/NASDAQ,USD,US,
MDLZ,Mondelez International,Consumer Staples,Packaged Foods & Meats,SP500,NYSE/NASDAQ,USD,US,
MPWR,Monolithic Power Systems,Information Technology,Semiconductors,SP500,NYSE/NASDAQ,USD,US,
MNST,Monster Beverage,Consumer Staples,Soft Drinks & Non-alcoholic Beverages,SP500,NYSE/NASDAQ,USD,US,
MCO,Moody's Corporation,Financials,Financial Exchanges & Data,SP500,NYSE/NASDAQ,USD,US,
MS,Morgan Stanley,Financials,Investment Banking & Brokerage,SP500,NYSE/NASDAQ,USD,US,
MOS,Mosaic Company (The),Materials,Fertilizers & Agricultural Chemicals,SP500,NYSE/NASDAQ,USD,US,
MSI,Motorola Solutions,Information Technology,Communications Equipment,SP500,NYSE/NASDAQ,USD,US,
MSCI,MSCI,Financials,Financial Exchanges & Data,SP500,NYSE/NASDAQ,USD,US,
NDAQ,"Nasdaq, Inc.",Financials,Financial Exchanges & Data,SP500,NYSE/NASDAQ,USD,US,
NTAP,NetApp,Information Technology,"Technology Hardware, Storage & Peripherals",SP500,NYSE/NASDAQ,USD,US,
NFLX,Netflix,Communication Services,Movies & Entertainment,SP500,NYSE/NASDAQ,USD,US,
NEM,Newmont,Materials,Gold,SP500,NYSE/NASDAQ,USD,US,
NWSA,News Corp (Class A),Communication Services,Publishing,SP500,NYSE/NASDAQ,USD,US,
NWS,News Corp (Class B),Communication Services,Publishing,SP500,NYSE/NASDAQ,USD,US,
NEE,NextEra Energy,Utilities,Multi-Utilities,SP500,NYSE/NASDAQ,USD,US,
NKE,"Nike, Inc.",Consumer Discretionary,"Apparel, Accessories & Luxury Goods",SP500,NYSE/NASDAQ,USD,US,
NI,NiSource,Utilities,Multi-Utilities,SP500,NYSE/NASDAQ,USD,US,
NDSN,Nordson Corporation,Industrials,Industrial Machinery & Supplies & Components,SP500,NYSE/NASDAQ,USD,US,
NSC,Norfolk Southern,Industrials,Rail Transportation,SP500,NYSE/NASDAQ,USD,US,
NTRS,Northern Trust,Financials,Asset Management & Custody Banks,SP500,NYSE/NASDAQ,USD,US,
NOC,Northrop Grumman,Industrials,Aerospace & Defense,SP500,NYSE/NASDAQ,USD,US,
NCLH,Norwegian Cruise Line Holdings,Consumer Discretionary,"Hotels, Resorts & Cruise Lines",SP500,NYSE/NASDAQ,USD,US,
NRG,NRG Energy,Utilities,Independent Power Producers & Energy Traders,SP500,NYSE/NASDAQ,USD,US,
NUE,Nucor,Materials,Steel,SP500,NYSE/NASDAQ,USD,US,
NVDA,Nvidia,Information Technology,Semiconductors,SP500,NYSE/NASDAQ,USD,US,
NVR,"NVR, Inc.",Consumer Discretionary,Homebuilding,SP500,NYSE/NASDAQ,USD,US,
NXPI,NXP Semiconductors,Information Technology,Semiconductors,SP500,NYSE/NASDAQ,USD,US,
ORLY,O'Reilly Automotive,Consumer Discretionary,Automotive Retail,SP500,NYSE/NASDAQ,USD,US,
OXY,Occidental Petroleum,Energy,Oil & Gas Exploration & Production,SP500,NYSE/NASDAQ,USD,US,
ODFL,Old Dominion,Industrials,Cargo Ground Transportation,SP500,NYSE/NASDAQ,USD,US,
OMC,Omnicom Group,Communication Services,Advertising,SP500,NYSE/NASDAQ,USD,US,
ON,ON Semiconductor,Information Technology,Semiconductors,SP500,NYSE/NASDAQ,USD,US,
OKE,Oneok,Energy,Oil & Gas Storage & Transportation,SP500,NYSE/NASDAQ,USD,US,
ORCL,Oracle Corporation,Information Technology,Application Software,SP500,NYSE/NASDAQ,USD,US,
OTIS,Otis Worldwide,Industrials,Industrial Machinery & Supplies & Components,SP500,NYSE/NASDAQ,USD,US,
PCAR,Paccar,Industrials,Construction Machinery & Heavy Transportation Equipment,SP500,NYSE/NASDAQ,USD,US,
PKG,Packaging Corporation of America,Materials,Paper & Plastic Packaging Products & Materials,SP500,NYSE/NASDAQ,USD,US,
PLTR,Palantir Technologies,Information Technology,Application Software,SP500,NYSE/NASDAQ,USD,US,
PANW,Palo Alto Networks,Information Technology,Systems Software,SP500,NYSE/NASDAQ,USD,US,
PSKY,Paramount Skydance Corporation,Communication Services,Movies & Entertainment,SP500,NYSE/NASDAQ,USD,US,
PH,Parker Hannifin,Industrials,Industrial Machinery & Supplies & Components,SP500,NYSE/NASDAQ,USD,US,
PAYX,Paychex,Industrials,Human Resource & Employment Services,SP500,NYSE/NASDAQ,USD,US,
PYPL,PayPal,Financials,Transaction & Payment Processing Services,SP500,NYSE/NASDAQ,USD,US,
PNR,Pentair,Industrials,Industrial Machinery & Supplies & Components,SP500,NYSE/NASDAQ,USD,US,
PEP,PepsiCo,Consumer Staples,Soft Drinks & Non-alcoholic Beverages,SP500,NYSE/NASDAQ,USD,US,
PFE,Pfizer,Health Care,Pharmaceuticals,SP500,NYSE/NASDAQ,USD,US,
PCG,PG&E Corporation,Utilities,Multi-Utilities,SP500,NYSE/NASDAQ,USD,US,
PM,Philip Morris International,Consumer Staples,Tobacco,SP500,NYSE/NASDAQ,USD,US,
PSX,Phillips 66,Energy,Oil & Gas Refining & Marketing,SP500,NYSE/NASDAQ,USD,US,
PNW,Pinnacle West Capital,Utilities,Multi-Utilities,SP500,NYSE/NASDAQ,USD,US,
PNC,PNC Financial Services,Financials,Diversified Banks,SP500,NYSE/NASDAQ,USD,US,
PPG,PPG Industries,Materials,Specialty Chemicals,SP500,NYSE/NASDAQ,USD,US,
PPL,PPL Corporation,Utilities,Electric Utilities,SP500,NYSE/NASDAQ,USD,US,
PFG,Principal Financial Group,Financials,Life & Health Insurance,SP500,NYSE/NASDAQ,USD,US,
PG,Procter & Gamble,Consumer Staples,Personal Care Products,SP500,NYSE/NASDAQ,USD,US,
PGR,Progressive Corporation,Financials,Property & Casualty Insurance,SP500,NYSE/NASDAQ,USD,US,
PLD,Prologis,Real Estate,Industrial REITs,SP500,NYSE/NASDAQ,USD,US,
PRU,Prudential Financial,Financials,Life & Health Insurance,SP500,NYSE/NASDAQ,USD,US,
PEG,Public Service Enterprise Group,Utilities,Electric Utilities,SP500,NYSE/NASDAQ,USD,US,
PTC,PTC Inc.,Information Technology,Application Software,SP500,NYSE/NASDAQ,USD,US,
PSA,Public Storage,Real Estate,Self-Storage REITs,SP500,NYSE/NASDAQ,USD,US,
PHM,PulteGroup,Consumer Discretionary,Homebuilding,SP500,NYSE/NASDAQ,USD,US,
PWR,Quanta Services,Industrials,Construction & Engineering,SP500,NYSE/NASDAQ,USD,US,
QCOM,Qualcomm,Information Technology,Semiconductors,SP500,NYSE/NASDAQ,USD,US,
DGX,Quest Diagnostics,Health Care,Health Care Services,SP500,NYSE/NASDAQ,USD,US,
Q,Qnity Electronics,Information Technology,Semiconductor Materials & Equipment,SP500,NYSE/NASDAQ,USD,US,
RL,Ralph Lauren Corporation,Consumer Discretionary,"Apparel, Accessories & Luxury Goods",SP500,NYSE/NASDAQ,USD,US,
RJF,Raymond James Financial,Financials,Investment Banking & Brokerage,SP500,NYSE/NASDAQ,USD,US,
RDDT,Reddit,Communication Services,Interactive Media & Services,SP500,NYSE/NASDAQ,USD,US,
RTX,RTX Corporation,Industrials,Aerospace & Defense,SP500,NYSE/NASDAQ,USD,US,
O,Realty Income,Real Estate,Retail REITs,SP500,NYSE/NASDAQ,USD,US,
REG,Regency Centers,Real Estate,Retail REITs,SP500,NYSE/NASDAQ,USD,US,
REGN,Regeneron Pharmaceuticals,Health Care,Biotechnology,SP500,NYSE/NASDAQ,USD,US,
RF,Regions Financial Corporation,Financials,Regional Banks,SP500,NYSE/NASDAQ,USD,US,
RSG,Republic Services,Industrials,Environmental & Facilities Services,SP500,NYSE/NASDAQ,USD,US,
RMD,ResMed|,Health Care,Health Care Equipment,SP500,NYSE/NASDAQ,USD,US,
RVTY,Revvity,Health Care,Health Care Equipment,SP500,NYSE/NASDAQ,USD,US,
HOOD,Robinhood Markets,Financials,Investment Banking & Brokerage,SP500,NYSE/NASDAQ,USD,US,
ROK,Rockwell Automation,Industrials,Electrical Components & Equipment,SP500,NYSE/NASDAQ,USD,US,
ROL,"Rollins, Inc.",Industrials,Environmental & Facilities Services,SP500,NYSE/NASDAQ,USD,US,
ROP,Roper Technologies,Information Technology,Electronic Equipment & Instruments,SP500,NYSE/NASDAQ,USD,US,
ROST,Ross Stores,Consumer Discretionary,Apparel Retail,SP500,NYSE/NASDAQ,USD,US,
RCL,Royal Caribbean Group,Consumer Discretionary,"Hotels, Resorts & Cruise Lines",SP500,NYSE/NASDAQ,USD,US,
SPGI,S&P Global,Financials,Financial Exchanges & Data,SP500,NYSE/NASDAQ,USD,US,
CRM,Salesforce,Information Technology,Application Software,SP500,NYSE/NASDAQ,USD,US,
SNDK,Sandisk,Information Technology,"Technology Hardware, Storage & Peripherals",SP500,NYSE/NASDAQ,USD,US,
SBAC,SBA Communications,Real Estate,Telecom Tower REITs,SP500,NYSE/NASDAQ,USD,US,
SLB,Schlumberger,Energy,Oil & Gas Equipment & Services,SP500,NYSE/NASDAQ,USD,US,
STX,Seagate Technology,Information Technology,"Technology Hardware, Storage & Peripherals",SP500,NYSE/NASDAQ,USD,US,
SRE,Sempra,Utilities,Multi-Utilities,SP500,NYSE/NASDAQ,USD,US,
NOW,ServiceNow,Information Technology,Systems Software,SP500,NYSE/NASDAQ,USD,US,
SHW,Sherwin-Williams,Materials,Specialty Chemicals,SP500,NYSE/NASDAQ,USD,US,
SPG,Simon Property Group,Real Estate,Retail REITs,SP500,NYSE/NASDAQ,USD,US,
SWKS,Skyworks Solutions,Information Technology,Semiconductors,SP500,NYSE/NASDAQ,USD,US,
SJM,J.M. Smucker Company (The),Consumer Staples,Packaged Foods & Meats,SP500,NYSE/NASDAQ,USD,US,
SW,Smurfit Westrock,Materials,Paper & Plastic Packaging Products & Materials,SP500,NYSE/NASDAQ,USD,US,
SNA,Snap-on,Industrials,Industrial Machinery & Supplies & Components,SP500,NYSE/NASDAQ,USD,US,
SOLV,Solventum,Health Care,Health Care Technology,SP500,NYSE/NASDAQ,USD,US,
SO,Southern Company,Utilities,Electric Utilities,SP500,NYSE/NASDAQ,USD,US,
LUV,Southwest Airlines,Industrials,Passenger Airlines,SP500,NYSE/NASDAQ,USD,US,
SWK,Stanley Black & Decker,Industrials,Industrial Machinery & Supplies & Components,SP500,NYSE/NASDAQ,USD,US,
SBUX,Starbucks,Consumer Discretionary,Restaurants,SP500,NYSE/NASDAQ,USD,US,
STT,State Street Corporation,Financials,Asset Management & Custody Banks,SP500,NYSE/NASDAQ,USD,US,
STLD,Steel Dynamics,Materials,Steel,SP500,NYSE/NASDAQ,USD,US,
STE,Steris,Health Care,Health Care Equipment,SP500,NYSE/NASDAQ,USD,US,
SYK,Stryker Corporation,Health Care,Health Care Equipment,SP500,NYSE/NASDAQ,USD,US,
SMCI,Supermicro,Information Technology,"Technology Hardware, Storage & Peripherals",SP500,NYSE/NASDAQ,USD,US,
SYF,Synchrony Financial,Financials,Consumer Finance,SP500,NYSE/NASDAQ,USD,US,
SNPS,Synopsys,Information Technology,Application Software,SP500,NYSE/NASDAQ,USD,US,
SYY,Sysco,Consumer Staples,Food Distributors,SP500,NYSE/NASDAQ,USD,US,
TMUS,T-Mobile US,Communication Services,Wireless Telecommunication Services,SP500,NYSE/NASDAQ,USD,US,
TROW,T. Rowe Price,Financials,Asset Management & Custody Banks,SP500,NYSE/NASDAQ,USD,US,
TTWO,Take-Two Interactive,Communication Services,Interactive Home Entertainment,SP500,NYSE/NASDAQ,USD,US,
TPR,"Tapestry, Inc.",Consumer Discretionary,"Apparel, Accessories & Luxury Goods",SP500,NYSE/NASDAQ,USD,US,
TRGP,Targa Resources,Energy,Oil & Gas Storage & Transportation,SP500,NYSE/NASDAQ,USD,US,
TGT,Target Corporation,Consumer Staples,Consumer Staples Merchandise Retail,SP500,NYSE/NASDAQ,USD,US,
TEL,TE Connectivity,Information Technology,Electronic Manufacturing Services,SP500,NYSE/NASDAQ,USD,US,
TDY,Teledyne Technologies,Information Technology,Electronic Equipment & Instruments,SP500,NYSE/NASDAQ,USD,US,
TER,Teradyne,Information Technology,Semiconductor Materials & Equipment,SP500,NYSE/NASDAQ,USD,US,
TSLA,"Tesla, Inc.",Consumer Discretionary,Automobile Manufacturers,SP500,NYSE/NASDAQ,USD,US,
TXN,Texas Instruments,Information Technology,Semiconductors,SP500,NYSE/NASDAQ,USD,US,
TPL,Texas Pacific Land Corporation,Energy,Oil & Gas Exploration & Production,SP500,NYSE/NASDAQ,USD,US,
TXT,Textron,Industrials,Aerospace & Defense,SP500,NYSE/NASDAQ,USD,US,
TMO,Thermo Fisher Scientific,Health Care,Life Sciences Tools & Services,SP500,NYSE/NASDAQ,USD,US,
TJX,TJX Companies,Consumer Discretionary,Apparel Retail,SP500,NYSE/NASDAQ,USD,US,
TKO,TKO Group Holdings,Communication Services,Movies & Entertainment,SP500,NYSE/NASDAQ,USD,US,
TSCO,Tractor Supply,Consumer Discretionary,Other Specialty Retail,SP500,NYSE/NASDAQ,USD,US,
TT,Trane Technologies,Industrials,Building Products,SP500,NYSE/NASDAQ,USD,US,
TDG,TransDigm Group,Industrials,Aerospace & Defense,SP500,NYSE/NASDAQ,USD,US,
TRV,Travelers Companies (The),Financials,Property & Casualty Insurance,SP500,NYSE/NASDAQ,USD,US,
TRMB,Trimble Inc.,Information Technology,Application Software,SP500,NYSE/NASDAQ,USD,US,
TFC,Truist Financial,Financials,Diversified Banks,SP500,NYSE/NASDAQ,USD,US,
TYL,Tyler Technologies,Information Technology,Application Software,SP500,NYSE/NASDAQ,USD,US,
TSN,Tyson Foods,Consumer Staples,Packaged Foods & Meats,SP500,NYSE/NASDAQ,USD,US,
USB,U.S. Bancorp,Financials,Diversified Banks,SP500,NYSE/NASDAQ,USD,US,
UBER,Uber,Industrials,Passenger Ground Transportation,SP500,NYSE/NASDAQ,USD,US,
UDR,"UDR, Inc.",Real Estate,Multi-Family Residential REITs,SP500,NYSE/NASDAQ,USD,US,
ULTA,Ulta Beauty,Consumer Discretionary,Other Specialty Retail,SP500,NYSE/NASDAQ,USD,US,
UNP,Union Pacific Corporation,Industrials,Rail Transportation,SP500,NYSE/NASDAQ,USD,US,
UAL,United Airlines Holdings,Industrials,Passenger Airlines,SP500,NYSE/NASDAQ,USD,US,
UPS,United Parcel Service,Industrials,Air Freight & Logistics,SP500,NYSE/NASDAQ,USD,US,
URI,United Rentals,Industrials,Trading Companies & Distributors,SP500,NYSE/NASDAQ,USD,US,
UNH,UnitedHealth Group,Health Care,Managed Health Care,SP500,NYSE/NASDAQ,USD,US,
UHS,Universal Health Services,Health Care,Health Care Facilities,SP500,NYSE/NASDAQ,USD,US,
VLO,Valero Energy,Energy,Oil & Gas Refining & Marketing,SP500,NYSE/NASDAQ,USD,US,
VEEV,Veeva Systems,Health Care,Health Care Technology,SP500,NYSE/NASDAQ,USD,US,
VTR,Ventas,Real Estate,Health Care REITs,SP500,NYSE/NASDAQ,USD,US,
VLTO,Veralto,Industrials,Environmental & Facilities Services,SP500,NYSE/NASDAQ,USD,US,
VRSN,Verisign,Information Technology,Internet Services & Infrastructure,SP500,NYSE/NASDAQ,USD,US,
VRSK,Verisk Analytics,Industrials,Research & Consulting Services,SP500,NYSE/NASDAQ,USD,US,
VZ,Verizon,Communication Services,Integrated Telecommunication Services,SP500,NYSE/NASDAQ,USD,US,
VRTX,Vertex Pharmaceuticals,Health Care,Biotechnology,SP500,NYSE/NASDAQ,USD,US,
VRT,Vertiv,Industrials,Electrical Components & Equipment,SP500,NYSE/NASDAQ,USD,US,
VTRS,Viatris,Health Care,Pharmaceuticals,SP500,NYSE/NASDAQ,USD,US,
VICI,Vici Properties,Real Estate,Hotel & Resort REITs,SP500,NYSE/NASDAQ,USD,US,
V,Visa Inc.,Financials,Transaction & Payment Processing Services,SP500,NYSE/NASDAQ,USD,US,
VST,Vistra Corp.,Utilities,Electric Utilities,SP500,NYSE/NASDAQ,USD,US,
VMRK,Vivmark Residential,Real Estate,Multi-Family Residential REITs,SP500,NYSE/NASDAQ,USD,US,
VMC,Vulcan Materials Company,Materials,Construction Materials,SP500,NYSE/NASDAQ,USD,US,
WRB,W. R. Berkley Corporation,Financials,Property & Casualty Insurance,SP500,NYSE/NASDAQ,USD,US,
GWW,W. W. Grainger,Industrials,Industrial Machinery & Supplies & Components,SP500,NYSE/NASDAQ,USD,US,
WAB,Wabtec,Industrials,Construction Machinery & Heavy Transportation Equipment,SP500,NYSE/NASDAQ,USD,US,
WMT,Walmart,Consumer Staples,Consumer Staples Merchandise Retail,SP500,NYSE/NASDAQ,USD,US,
DIS,Walt Disney Company (The),Communication Services,Movies & Entertainment,SP500,NYSE/NASDAQ,USD,US,
WBD,Warner Bros. Discovery,Communication Services,Broadcasting,SP500,NYSE/NASDAQ,USD,US,
WM,Waste Management,Industrials,Environmental & Facilities Services,SP500,NYSE/NASDAQ,USD,US,
WAT,Waters Corporation,Health Care,Life Sciences Tools & Services,SP500,NYSE/NASDAQ,USD,US,
WEC,WEC Energy Group,Utilities,Electric Utilities,SP500,NYSE/NASDAQ,USD,US,
WFC,Wells Fargo,Financials,Diversified Banks,SP500,NYSE/NASDAQ,USD,US,
WELL,Welltower,Real Estate,Health Care REITs,SP500,NYSE/NASDAQ,USD,US,
WST,West Pharmaceutical Services,Health Care,Health Care Supplies,SP500,NYSE/NASDAQ,USD,US,
WDC,Western Digital,Information Technology,"Technology Hardware, Storage & Peripherals",SP500,NYSE/NASDAQ,USD,US,
WY,Weyerhaeuser,Real Estate,Timber REITs,SP500,NYSE/NASDAQ,USD,US,
WSM,"Williams-Sonoma, Inc.",Consumer Discretionary,Homefurnishing Retail,SP500,NYSE/NASDAQ,USD,US,
WMB,Williams Companies,Energy,Oil & Gas Storage & Transportation,SP500,NYSE/NASDAQ,USD,US,
WTW,Willis Towers Watson,Financials,Insurance Brokers,SP500,NYSE/NASDAQ,USD,US,
WDAY,"Workday, Inc.",Information Technology,Application Software,SP500,NYSE/NASDAQ,USD,US,
WYNN,Wynn Resorts,Consumer Discretionary,Casinos & Gaming,SP500,NYSE/NASDAQ,USD,US,
XEL,Xcel Energy,Utilities,Multi-Utilities,SP500,NYSE/NASDAQ,USD,US,
XYL,Xylem Inc.,Industrials,Industrial Machinery & Supplies & Components,SP500,NYSE/NASDAQ,USD,US,
YUM,Yum! Brands,Consumer Discretionary,Restaurants,SP500,NYSE/NASDAQ,USD,US,
ZBRA,Zebra Technologies,Information Technology,Electronic Equipment & Instruments,SP500,NYSE/NASDAQ,USD,US,
ZBH,Zimmer Biomet,Health Care,Health Care Equipment,SP500,NYSE/NASDAQ,USD,US,
ZTS,Zoetis,Health Care,Pharmaceuticals,SP500,NYSE/NASDAQ,USD,US,
FAB.AD,First Abu Dhabi Bank,Financials,Banks,ADX,ADX,AED,UAE,بنك أبوظبي الأول
ADCB.AD,Abu Dhabi Commercial Bank,Financials,Banks,ADX,ADX,AED,UAE,بنك أبوظبي التجاري
ADIB.AD,Abu Dhabi Islamic Bank,Financials,Islamic Banks,ADX,ADX,AED,UAE,مصرف أبوظبي الإسلامي
NBAD.AD,National Bank of Abu Dhabi,Financials,Banks,ADX,ADX,AED,UAE,بنك أبوظبي الوطني
CBI.AD,Commercial Bank International,Financials,Banks,ADX,ADX,AED,UAE,البنك التجاري الدولي
NBQ.AD,National Bank of Umm Al Qaiwain,Financials,Banks,ADX,ADX,AED,UAE,البنك الوطني لأم القيوين
INVEST.AD,Abu Dhabi Investment Company,Financials,Investment,ADX,ADX,AED,UAE,شركة أبوظبي للاستثمار
WAHA.AD,Waha Capital,Financials,Investment,ADX,ADX,AED,UAE,واحة كابيتال
ADNOCDIST.AD,ADNOC Distribution,Energy,Oil & Gas Distribution,ADX,ADX,AED,UAE,توزيع أدنوك
ADNOCGAS.AD,ADNOC Gas,Energy,Oil & Gas,ADX,ADX,AED,UAE,أدنوك للغاز
ADNOCDRILL.AD,ADNOC Drilling,Energy,Oil & Gas Drilling,ADX,ADX,AED,UAE,أدنوك للحفر
ADNOCLOG.AD,ADNOC Logistics and Services,Energy,Oil & Gas Services,ADX,ADX,AED,UAE,أدنوك للخدمات اللوجستية
TAQA.AD,Abu Dhabi National Energy Company,Utilities,Electric Utilities,ADX,ADX,AED,UAE,شركة أبوظبي الوطنية للطاقة
IHC.AD,International Holding Company,Industrials,Conglomerates,ADX,ADX,AED,UAE,الشركة الدولية القابضة
FERTIGLOBE.AD,Fertiglobe,Materials,Fertilizers,ADX,ADX,AED,UAE,فيرتيجلوب
ALDAR.AD,Aldar Properties,Real Estate,Real Estate Development,ADX,ADX,AED,UAE,الدار العقارية
RAKPROP.AD,RAK Properties,Real Estate,Real Estate Development,ADX,ADX,AED,UAE,عقارات رأس الخيمة
ETISALAT.AD,e& (Etisalat),Communication Services,Telecom,ADX,ADX,AED,UAE,الإمارات للاتصالات
YAHSAT.AD,Al Yah Satellite Communications,Communication Services,Satellite,ADX,ADX,AED,UAE,يا سات
PUREHEALTH.AD,Pure Health Holding,Healthcare,Healthcare Services,ADX,ADX,AED,UAE,القابضة للصحة النقية
BURJEEL.AD,Burjeel Holdings,Healthcare,Healthcare Services,ADX,ADX,AED,UAE,قابضة برجيل
AMANAT.AD,Amanat Holdings,Healthcare,Healthcare & Education,ADX,ADX,AED,UAE,أمانة القابضة
AGTHIA.AD,Agthia Group,Consumer Staples,Food & Beverages,ADX,ADX,AED,UAE,مجموعة أغذية
JULPHAR.AD,Gulf Pharmaceutical Industries,Healthcare,Pharmaceuticals,ADX,ADX,AED,UAE,جلفار للصناعات الدوائية
ARKAN.AD,Arkan Building Materials,Materials,Building Materials,ADX,ADX,AED,UAE,أركان لمواد البناء
RAKCEM.AD,RAK Ceramics,Materials,Ceramics,ADX,ADX,AED,UAE,راك للسيراميك
ADNIC.AD,Abu Dhabi National Insurance,Financials,Insurance,ADX,ADX,AED,UAE,التأمين الوطنية أبوظبي
AFNIC.AD,Al Fujairah National Insurance,Financials,Insurance,ADX,ADX,AED,UAE,تأمين الفجيرة الوطنية
SALAMA.AD,Islamic Arab Insurance,Financials,Insurance,ADX,ADX,AED,UAE,سلامة للتأمين
ADPORTS.AD,AD Ports Group,Industrials,Marine Ports,ADX,ADX,AED,UAE,مجموعة موانئ أبوظبي
SALIK.AD,Salik Company,Industrials,Toll Roads,ADX,ADX,AED,UAE,شركة سالك
ENBD.DU,Emirates NBD,Financials,Banks,DFM,DFM,AED,UAE,بنك الإمارات دبي الوطني
DIB.DU,Dubai Islamic Bank,Financials,Islamic Banks,DFM,DFM,AED,UAE,مصرف دبي الإسلامي
MASHREQ.DU,Mashreqbank,Financials,Banks,DFM,DFM,AED,UAE,بنك المشرق
CBD.DU,Commercial Bank of Dubai,Financials,Banks,DFM,DFM,AED,UAE,البنك التجاري لدبي
SHUAA.DU,Shuaa Capital,Financials,Investment Banking,DFM,DFM,AED,UAE,شعاع كابيتال
EMAAR.DU,Emaar Properties,Real Estate,Real Estate Development,DFM,DFM,AED,UAE,إعمار العقارية
DEYAAR.DU,Deyaar Development,Real Estate,Real Estate Development,DFM,DFM,AED,UAE,ديار للتطوير
DAMAC.DU,DAMAC Properties,Real Estate,Real Estate Development,DFM,DFM,AED,UAE,داماك العقارية
UNION.DU,Union Properties,Real Estate,Real Estate Development,DFM,DFM,AED,UAE,الاتحاد العقارية
GFH.DU,Gulf Finance House,Financials,Investment,DFM,DFM,AED,UAE,بيت التمويل الخليجي
AIRARABIA.DU,Air Arabia,Industrials,Airlines,DFM,DFM,AED,UAE,العربية للطيران
DPW.DU,DP World,Industrials,Marine Ports,DFM,DFM,AED,UAE,موانئ دبي العالمية
DU.DU,du Telecom,Communication Services,Telecom,DFM,DFM,AED,UAE,دو للاتصالات
DEWA.DU,Dubai Electricity and Water Authority,Utilities,Electric Utilities,DFM,DFM,AED,UAE,هيئة كهرباء ومياه دبي
EMPOWER.DU,Emirates Central Cooling Systems,Utilities,District Cooling,DFM,DFM,AED,UAE,إمباور
DXBINVEST.DU,Dubai Investments,Financials,Diversified Investments,DFM,DFM,AED,UAE,دبي للاستثمارات
MEDICLINIC.DU,Mediclinic Middle East,Healthcare,Healthcare Services,DFM,DFM,AED,UAE,ميديكلينيك الشرق الأوسط
ASTER.DU,Aster DM Healthcare,Healthcare,Healthcare Services,DFM,DFM,AED,UAE,أستر للرعاية الصحية
TECOM.DU,TECOM Group,Real Estate,Free Zone,DFM,DFM,AED,UAE,مجموعة تيكوم
PARKIN.DU,Parkin Company,Industrials,Parking Management,DFM,DFM,AED,UAE,باركين
ORIENT.DU,Orient Insurance,Financials,Insurance,DFM,DFM,AED,UAE,أوريانت للتأمين
WATANIA.DU,National Takaful Company,Financials,Insurance,DFM,DFM,AED,UAE,وطنية للتكافل
